link,bday,Sex
https://www.instagram.com/p/BJnQ1DxjHzf/,21,F
https://www.instagram.com/p/BN-DLG5Akvm/,23,F
https://www.instagram.com/p/BN7ceK8A3LN/,21,F
https://www.instagram.com/p/BN6lrFRDxdS/,9,
https://www.instagram.com/p/BN48pAbDLyT/,1,
https://www.instagram.com/p/BN3uQBnhVu9/,3,
https://www.instagram.com/p/BN3g9q9jE7x/,70,F
https://www.instagram.com/p/BN2PphghyCH/,27,F
https://www.instagram.com/p/BN2Hd22gAcA/,5,M
https://www.instagram.com/p/BN1e-aMB2aA/,30,
https://www.instagram.com/p/BN1VFXvhi6v/,11,
https://www.instagram.com/p/BN0MXHoBOzy/,30,M
https://www.instagram.com/p/BNzEuifDmma/,18,F
https://www.instagram.com/p/BNyedLihupn/,3,F
https://www.instagram.com/p/BNyOQhShAGl/,22,F
https://www.instagram.com/p/BNxgEGRg0i0/,23,F
https://www.instagram.com/p/BNxRZWMASJ8/,22,F
https://www.instagram.com/p/BNwnw_yB6JS/,31,
https://www.instagram.com/p/BNvk8eRgN9P/,25,F
https://www.instagram.com/p/BNvihaVDFi4/,21,F
https://www.instagram.com/p/BNuq__zDne8/,28,F
https://www.instagram.com/p/BNuWGz9BsLS/,28,F
https://www.instagram.com/p/BNuN1ezjBqq/,25,F
https://www.instagram.com/p/BNr-vAuBoFZ/,21,
https://www.instagram.com/p/BNrxcu0DjOP/,30,M
https://www.instagram.com/p/BNrsimIjlTn/,3,
https://www.instagram.com/p/BNq9OQlg0vb/,30,F
https://www.instagram.com/p/BNq2hF5hu8g/,21,
https://www.instagram.com/p/BNo_ee_jaCy/,30,
https://www.instagram.com/p/BNnYXDwFkkX/,26,F
https://www.instagram.com/p/BNnGcWEDv2z/,3,
https://www.instagram.com/p/BNkPqZfg3zT/,25,F
https://www.instagram.com/p/BNkNKA8hb9h/,20,F
https://www.instagram.com/p/BNjaVB6hyjb/,13,
https://www.instagram.com/p/BNjHl3FDwEU/,25,F
https://www.instagram.com/p/BNjDgPOgN8q/,25,F
https://www.instagram.com/p/BNh9qRpgT2y/,25,F
https://www.instagram.com/p/BNer6rfjdbN/,3,
https://www.instagram.com/p/BNdKAJ3ANDP/,10,M
https://www.instagram.com/p/BNczV9YBMRy/,25,F
https://www.instagram.com/p/BNcqdJVhYAN/,26,F
https://www.instagram.com/p/BNaKmkxAX_g/,25,F
https://www.instagram.com/p/BNZa-XNAcQe/,50,
https://www.instagram.com/p/BNXDkYwj6mp/,3,M
https://www.instagram.com/p/BNVZ5ZglQbR/,22,F
https://www.instagram.com/p/BNVJD9GByaX/,20,F
https://www.instagram.com/p/BNU9_xgD4p2/,25,F
https://www.instagram.com/p/BNSWt3Vj58J/,60,F
https://www.instagram.com/p/BNSnXz9hhMU/,2,F
https://www.instagram.com/p/BNRvef8BQ_Q/,8,
https://www.instagram.com/p/BNRo3QmDMEB/,27,F
https://www.instagram.com/p/BNNUeDsAb0s/,29,F
https://www.instagram.com/p/BNNONvDF8ZE/,21,
https://www.instagram.com/p/BNNKSsIjbok/,1,F
https://www.instagram.com/p/BNM2EeDla0x/,50,
https://www.instagram.com/p/BNMzPYvDWFg/,2,F
https://www.instagram.com/p/BNMAJCaAVSG/,90,
https://www.instagram.com/p/BNKdhz7BgGZ/,13,
https://www.instagram.com/p/BNKc3x-hoKB/,30,F
https://www.instagram.com/p/BNJnAojg_cG/,16,
https://www.instagram.com/p/BNILcwOgIdo/,4,
https://www.instagram.com/p/BNH3rZQB4AT/,3,
https://www.instagram.com/p/BNHidObDuKv/,30,
https://www.instagram.com/p/BNFsPUvgoC2/,68,M
https://www.instagram.com/p/BNFk6BRhmXc/,25,F
https://www.instagram.com/p/BNFS6GThNW4/,8,F
https://www.instagram.com/p/BNE6lNFD2G_/,7,
https://www.instagram.com/p/BNE5UH0B3XA/,21,M
https://www.instagram.com/p/BNDLLVLgthj/,26,F
https://www.instagram.com/p/BNCyJ6lAjLz/,23,F
https://www.instagram.com/p/BNCr8SFBCWU/,25,F
https://www.instagram.com/p/BNCeaWCBatJ/,30,F
https://www.instagram.com/p/BNBjbNIDhYu/,18,F
https://www.instagram.com/p/BNA24pPggeO/,30,F
https://www.instagram.com/p/BNA1q06gjYd/,21,M
https://www.instagram.com/p/BNAWzTXB1F_/,22,
https://www.instagram.com/p/BNASbddBZxD/,30,
https://www.instagram.com/p/BM-5NW_jAyv/,28,F
https://www.instagram.com/p/BM9x-UPD-8e/,20,F
https://www.instagram.com/p/BM9i0gkhHBL/,5,
https://www.instagram.com/p/BM9MGCIAjfB/,33,
https://www.instagram.com/p/BM8Xz-8gZ-N/,30,M
https://www.instagram.com/p/BM6lBb9hGE7/,50,
https://www.instagram.com/p/BM1BhUpDteN/,10,
https://www.instagram.com/p/BM0uDbnhbL3/,22,
https://www.instagram.com/p/BMzYly6gQQ0/,18,F
https://www.instagram.com/p/BMymgOoh62m/,27,F
https://www.instagram.com/p/BMyAqyuBwwh/,10,
https://www.instagram.com/p/BMxBA9fBphJ/,29,
https://www.instagram.com/p/BMwx42OAfvl/,50,
https://www.instagram.com/p/BMwjiNxBAiG/,1,
https://www.instagram.com/p/BMwbW5MASH2/,22,F
https://www.instagram.com/p/BMwXp_vBT2j/,1,
https://www.instagram.com/p/BMwSqVPhm1b/,25,F
https://www.instagram.com/p/BMv0ClMBjn8/,1,
https://www.instagram.com/p/BMvY5AMBQjo/,23,
https://www.instagram.com/p/BMuXxHfAIJQ/,8,
https://www.instagram.com/p/BMuGoA7gbMq/,50,
https://www.instagram.com/p/BMtYks1gJiO/,3,
https://www.instagram.com/p/BMrLVHijqWa/,1,
https://www.instagram.com/p/BMqm-D9jVO3/,5,M
https://www.instagram.com/p/BMqQgS1Aplb/,3,
https://www.instagram.com/p/BMnBJ6Xh9yI/,18,
https://www.instagram.com/p/BMmec-zhXN2/,4,
https://www.instagram.com/p/BMmDwkIjKax/,18,
https://www.instagram.com/p/BMl8v81DiLE/,50,
https://www.instagram.com/p/BMlg-zkhRI9/,60,
https://www.instagram.com/p/BMj48poBv8-/,30,M
https://www.instagram.com/p/BMjtLvxjwKq/,25,
https://www.instagram.com/p/BMhP0g6At3v/,13,F
https://www.instagram.com/p/BMg7alZh-af/,22,
https://www.instagram.com/p/BMgZx_BgETC/,13,F
https://www.instagram.com/p/BMgU9TahRP5/,18,
https://www.instagram.com/p/BMgU3zbBxrR/,18,
https://www.instagram.com/p/BMgUrgihV05/,21,
https://www.instagram.com/p/BMfXKMPg2-y/,22,F
https://www.instagram.com/p/BMe7SfMjrG2/,24,F
https://www.instagram.com/p/BMeeNZdjMrr/,22,F
https://www.instagram.com/p/BMdyRJQgkk5/,16,
https://www.instagram.com/p/BMdm8Y9jObe/,1,
https://www.instagram.com/p/BMc-oZ4BsJf/,30,F
https://www.instagram.com/p/BMbvwYDhNyx/,18,
https://www.instagram.com/p/BMajagnDQ8e/,23,F
https://www.instagram.com/p/BMZnoibFPJF/,30,
https://www.instagram.com/p/BMZT0ikj-UD/,22,F
https://www.instagram.com/p/BMZO-vnDJAl/,50,
https://www.instagram.com/p/BMY3nYeAXXd/,60,
https://www.instagram.com/p/BMWLEJLhRKJ/,3,
https://www.instagram.com/p/BMW7Tp0BZCi/,13,
https://www.instagram.com/p/BMV_aIGARXW/,6,
https://www.instagram.com/p/BMUbK6rDBN2/,4,M
https://www.instagram.com/p/BMT6b_gg624/,100,
https://www.instagram.com/p/BMTW4kVhgMk/,5,F
https://www.instagram.com/p/BMR04oCj-gb/,22,F
https://www.instagram.com/p/BMOenQAg3Di/,23,F
https://www.instagram.com/p/BMLv9cZAbfQ/,22,F
https://www.instagram.com/p/BMH_0cXBUOD/,24,F
https://www.instagram.com/p/BMH94PJgS8C/,56,M
https://www.instagram.com/p/BMH0H0bg_--/,23,
https://www.instagram.com/p/BMGh6QKAVC_/,3,
https://www.instagram.com/p/BMGWQReBRhm/,25,
https://www.instagram.com/p/BMFi-n6AiR_/,18,
https://www.instagram.com/p/BME1zxmhR6g/,3,F
https://www.instagram.com/p/BMCAPJxjjaX/,3,M
https://www.instagram.com/p/BMA8qaHhZMy/,26,F
https://www.instagram.com/p/BL966HVhZ_v/,23,
https://www.instagram.com/p/BL9MQskAIQg/,40,M
https://www.instagram.com/p/BL651yUD1zf/,21,F
https://www.instagram.com/p/BL6BhEvg6bh/,1,
https://www.instagram.com/p/BL5wgKXB4hR/,6,F
https://www.instagram.com/p/BL4tnKuB4lf/,1,
https://www.instagram.com/p/BL3yMUQD-_G/,3,
https://www.instagram.com/p/BL3xc0tAJnK/,30,
https://www.instagram.com/p/BL3v-FulB8J/,1,
https://www.instagram.com/p/BL0pE1MBMiQ/,5,M
https://www.instagram.com/p/BL0jR3ngpwd/,4,F
https://www.instagram.com/p/BLztoi-B_7D/,43,M
https://www.instagram.com/p/BLwddNhA_SI/,4,
https://www.instagram.com/p/BLtfn8yBa2T/,10,M
https://www.instagram.com/p/BLsaTqcDvzP/,5,M
https://www.instagram.com/p/BLqGgbajIBD/,6,
https://www.instagram.com/p/BLqEohfhI6X/,27,F
https://www.instagram.com/p/BLpcBcdjj61/,30,F
https://www.instagram.com/p/BLpDKJJh_JU/,83,M
https://www.instagram.com/p/BLopUBEBjyW/,50,F
https://www.instagram.com/p/BLoei9Hg8_U/,40,F
https://www.instagram.com/p/BLoUDI-D_jb/,21,
https://www.instagram.com/p/BLn-GXqhJoD/,85,
https://www.instagram.com/p/BLltlkuBcJG/,21,
https://www.instagram.com/p/BLl0kW1BwQ8/,80,
https://www.instagram.com/p/BLltIkwh05M/,21,
https://www.instagram.com/p/BLllIkphpED/,3,
https://www.instagram.com/p/BLlhRpzgQyL/,25,
https://www.instagram.com/p/BLlOzjRhLWk/,18,F
https://www.instagram.com/p/BLjBpH_Bv2G/,3,
https://www.instagram.com/p/BLi1s6IgrjE/,30,F
https://www.instagram.com/p/BLiz4cmhKnc/,7,M
https://www.instagram.com/p/BLisindhK4X/,21,
https://www.instagram.com/p/BLe0aoCB9EC/,40,F
https://www.instagram.com/p/BLeXTxEj78F/,23,
https://www.instagram.com/p/BLeP0ohhq4t/,2,
https://www.instagram.com/p/BLcFi7mgJqa/,6,
https://www.instagram.com/p/BLbpAdRgVwK/,30,F
https://www.instagram.com/p/BLbbsIcBQ8O/,30,F
https://www.instagram.com/p/BLZ68h8FQWG/,23,F
https://www.instagram.com/p/BLZcthdDgx7/,24,F
https://www.instagram.com/p/BLY4cFzBaxL/,18,F
https://www.instagram.com/p/BLYtoioj6vc/,10,F
https://www.instagram.com/p/BLXqJMqDEDF/,2,M
https://www.instagram.com/p/BLW69O7BJJi/,21,
https://www.instagram.com/p/BLWnZqIjJGv/,37,
https://www.instagram.com/p/BLVj2ykBqkA/,7,F
https://www.instagram.com/p/BLT0-B4h1EG/,6,
https://www.instagram.com/p/BLUK39wj2D0/,1,
https://www.instagram.com/p/BLRrCCNg6Up/,20,F
https://www.instagram.com/p/BLRcUHLh1S1/,5,
https://www.instagram.com/p/BLREcHDALN0/,3,
https://www.instagram.com/p/BLQugARjpK-/,26,F
https://www.instagram.com/p/BLQi9hJjGxj/,34,F
https://www.instagram.com/p/BLOEFTsAgRD/,50,
https://www.instagram.com/p/BLMv2H2ht5Y/,5,
https://www.instagram.com/p/BLLZ41xBKvf/,50,
https://www.instagram.com/p/BLKYy8MAQm4/,24,
https://www.instagram.com/p/BLHA_FGAnXv/,50,
https://www.instagram.com/p/BLF6sDxhgSM/,14,F
https://www.instagram.com/p/BLEm9Bqjz_1/,4,
https://www.instagram.com/p/BLD0gHkAA2M/,21,
https://www.instagram.com/p/BLDu4jJBu9I/,1,
https://www.instagram.com/p/BLC8NB0AKpI/,20,F
https://www.instagram.com/p/BLCbEcvDweS/,50,
https://www.instagram.com/p/BLCahrRDLuJ/,30,
https://www.instagram.com/p/BLB6YtRg0ZU/,30,F
https://www.instagram.com/p/BLBrW7oh6VY/,23,F
https://www.instagram.com/p/BLBAQr9Bc3c/,30,F
https://www.instagram.com/p/BLBArZ1h6e5/,33,
https://www.instagram.com/p/BK_c_37BvI1/,40,
https://www.instagram.com/p/BK_DYvxhsz9/,30,F
https://www.instagram.com/p/BK-N2QjgVjz/,1,F
https://www.instagram.com/p/BK9N-lPDU5k/,2,F
https://www.instagram.com/p/BK7utzThFW8/,21,F
https://www.instagram.com/p/BK6C6PlhYiM/,50,
https://www.instagram.com/p/BK5lbk5A2AC/,8,
https://www.instagram.com/p/BK5hLVRgoyw/,21,F
https://www.instagram.com/p/BK46JXbB1Vq/,9,
https://www.instagram.com/p/BK3aXAqBJ22/,16,F
https://www.instagram.com/p/BK1E1xbDL4y/,2,
https://www.instagram.com/p/BK07OICg1bF/,32,F
https://www.instagram.com/p/BK03FrvAwx6/,6,
https://www.instagram.com/p/BK0mtclDg8s/,26,F
https://www.instagram.com/p/BKzKFGlA6_Q/,30,M
https://www.instagram.com/p/BKyzMz4hO2d/,21,
https://www.instagram.com/p/BKyyVTjhHwP/,30,F
https://www.instagram.com/p/BKyjHcPggiX/,4,
https://www.instagram.com/p/BKyR7tfD3hc/,25,F
https://www.instagram.com/p/BKyBeCBA8fi/,21,
https://www.instagram.com/p/BKxvNGFgf_0/,4,
https://www.instagram.com/p/BKwUehOASh6/,25,F
https://www.instagram.com/p/BKveNIagBT0/,18,F
https://www.instagram.com/p/BKvSX-phOgv/,4,M
https://www.instagram.com/p/BKuRAcVgX1f/,26,F
https://www.instagram.com/p/BKtkEuFhrg0/,3,
https://www.instagram.com/p/BKsBtDeAQ_U/,2,M
https://www.instagram.com/p/BKq9BLlBAS0/,4,
https://www.instagram.com/p/BKqty37gMk7/,25,
https://www.instagram.com/p/BKqkrgzAn71/,32,M
https://www.instagram.com/p/BKqgMbfACtA/,2,F
https://www.instagram.com/p/BKqZYfjB6o8/,2,
https://www.instagram.com/p/BKpx8KzhjQf/,5,M
https://www.instagram.com/p/BKoCwG6A2En/,16,M
https://www.instagram.com/p/BKnni0HgFn3/,21,
https://www.instagram.com/p/BKnnKqlAN1s/,80,
https://www.instagram.com/p/BKnkiALgm0O/,10,
https://www.instagram.com/p/BKm0qREgNFI/,25,F
https://www.instagram.com/p/BKlkoRwgTc0/,25,F
https://www.instagram.com/p/BKk8ELpDP0M/,1,
https://www.instagram.com/p/BKktWA-BADh/,1,
https://www.instagram.com/p/BKkPypYDTno/,21,F
https://www.instagram.com/p/BKjaj5VBumy/,3,M
https://www.instagram.com/p/BKjGH6njpMt/,60,
https://www.instagram.com/p/BKh7tTzAIZg/,30,F
https://www.instagram.com/p/BKhxs1bAOJV/,50,M
https://www.instagram.com/p/BKgifGhB_Kr/,30,F
https://www.instagram.com/p/BKggYo1AWpF/,3,
https://www.instagram.com/p/BKgKHVshXSQ/,80,
https://www.instagram.com/p/BKf6KLzhn19/,9,
https://www.instagram.com/p/BKfo4vfAYEV/,50,
https://www.instagram.com/p/BKffP1XhFrC/,30,F
https://www.instagram.com/p/BKfQ3KRAOJ7/,16,
https://www.instagram.com/p/BKcGK3dj24G/,34,M
https://www.instagram.com/p/BKcmOWIDBEc/,21,
https://www.instagram.com/p/BKb0HbGDkIF/,3,
https://www.instagram.com/p/BKbtf6jA1Su/,21,
https://www.instagram.com/p/BKbKrfGjHE8/,19,
https://www.instagram.com/p/BKbJ-AJAZHM/,30,F
https://www.instagram.com/p/BKYE_ILgLzG/,21,F
https://www.instagram.com/p/BKX1_8thMQt/,8,F
https://www.instagram.com/p/BKW7AXUg9ZL/,20,F
https://www.instagram.com/p/BKWMeYrgohM/,18,
https://www.instagram.com/p/BKUAhDygBD1/,2,F
https://www.instagram.com/p/BKTSsT8j08G/,2,
https://www.instagram.com/p/BKSlpKEjX7x/,3,
https://www.instagram.com/p/BKSL1LCDx4e/,7,
https://www.instagram.com/p/BKRs9eIAT33/,19,
https://www.instagram.com/p/BKRjVMwgU36/,13,F
https://www.instagram.com/p/BKQw0GZDdf8/,22,F
https://www.instagram.com/p/BKQaksGjyFR/,26,F
https://www.instagram.com/p/BKQXpZ9hjqn/,1,F
https://www.instagram.com/p/BKOXy_ogHM4/,30,F
https://www.instagram.com/p/BKNJ-TJB7FJ/,60,
https://www.instagram.com/p/BKNG1E7BbUC/,40,
https://www.instagram.com/p/BKMx-3TDWO2/,26,M
https://www.instagram.com/p/BKL8nOLAbdW/,25,F
https://www.instagram.com/p/BKLVDTUAR0R/,9,
https://www.instagram.com/p/BKJWar9gm5V/,9,F
https://www.instagram.com/p/BKHLLmFjTlj/,2,F
https://www.instagram.com/p/BKB19LchoST/,50,
https://www.instagram.com/p/BKA0KyEDdSA/,26,
https://www.instagram.com/p/BJ_TSoRgUyZ/,24,F
https://www.instagram.com/p/BJ-78ashyG9/,18,
https://www.instagram.com/p/BJ-BIKTjMxL/,20,F
https://www.instagram.com/p/BJ9LYwHjOCK/,9,
https://www.instagram.com/p/BJ7ca_TgxJF/,1,F
https://www.instagram.com/p/BJ6UXfNDiD6/,85,F
https://www.instagram.com/p/BJ5zM4GgTn1/,16,
https://www.instagram.com/p/BJ5QStCAKcW/,21,
https://www.instagram.com/p/BJ46nsjgkA1/,25,
https://www.instagram.com/p/BJ3E11hgi_z/,6,
https://www.instagram.com/p/BJ2g6owgzWT/,25,F
https://www.instagram.com/p/BJxx73oD03X/,1,
https://www.instagram.com/p/BJxqt_8gaAe/,25,F
https://www.instagram.com/p/BJvAnvegQje/,30,M
https://www.instagram.com/p/BJs6RdqgZl2/,30,
https://www.instagram.com/p/BJsXjYSjrpu/,5,M
https://www.instagram.com/p/BJsN5VhDWEE/,8,F
https://www.instagram.com/p/BJsEQ3YgmK_/,2,F
https://www.instagram.com/p/BJqfJDAh3bB/,28,F
https://www.instagram.com/p/BJqNN0IgXgp/,80,M
https://www.instagram.com/p/BJpOtexgowO/,50,
https://www.instagram.com/p/BJn36rnAhei/,4,
https://www.instagram.com/p/BJnNaFWDIXe/,3,
https://www.instagram.com/p/BJmsF1Fg8Yx/,50,
https://www.instagram.com/p/BJmTXFoBb4B/,5,
https://www.instagram.com/p/BJk-oFfgW7q/,2,
https://www.instagram.com/p/BJkqRVnAoog/,26,
https://www.instagram.com/p/BJkR-czgYxG/,16,
https://www.instagram.com/p/BJjygC9jqhB/,30,F
https://www.instagram.com/p/BJjBgbYgTBj/,11,
https://www.instagram.com/p/BJg3yomg_uR/,30,F
https://www.instagram.com/p/BJg1D2MB3Ov/,34,F
https://www.instagram.com/p/BJgg0aHg2-p/,23,F
https://www.instagram.com/p/BJgEjn4Amy0/,13,F
https://www.instagram.com/p/BJeLAmtgBry/,28,M
https://www.instagram.com/p/BJeKw7Vj6c0/,1,M
https://www.instagram.com/p/BJd9uoHgrmp/,22,F
https://www.instagram.com/p/BJd2GizAEXN/,16,
https://www.instagram.com/p/BJdN9GwgOPe/,3,
https://www.instagram.com/p/BJc3GLhAkyr/,30,
https://www.instagram.com/p/BJcu-SPAzp9/,4,
https://www.instagram.com/p/BJcugNvAwNm/,2,
https://www.instagram.com/p/BJbBI0-BlsH/,30,F
https://www.instagram.com/p/BJaAsaljCdo/,25,F
https://www.instagram.com/p/BJYbgaggkYU/,2,
https://www.instagram.com/p/BJXLiavgikN/,5,
https://www.instagram.com/p/BJWTC-5ASMy/,5,
https://www.instagram.com/p/BJWPMC8B1uu/,30,
https://www.instagram.com/p/BJWII-ijreH/,1,
https://www.instagram.com/p/BJVy3zsAQzp/,3,
https://www.instagram.com/p/BJUlze3B6-U/,3,F
https://www.instagram.com/p/BJUdEn4B8D1/,30,
https://www.instagram.com/p/BJUKSVAgjGh/,75,F
https://www.instagram.com/p/BJT9xTigN_L/,18,
https://www.instagram.com/p/BJT33UQDZ3-/,30,
https://www.instagram.com/p/BJTJ3ZYgqYg/,7,
https://www.instagram.com/p/BJScIfmAt18/,2,
https://www.instagram.com/p/BJRFDRvAGqf/,2,M
https://www.instagram.com/p/BJQpnoxAFxb/,2,M
https://www.instagram.com/p/BJQTg_zAFpf/,30,
https://www.instagram.com/p/BJOCCIfDhQl/,17,
https://www.instagram.com/p/BJNuIsagqjL/,60,
https://www.instagram.com/p/BJNd3N6hjqk/,2,M
https://www.instagram.com/p/BJLEr_mAx_i/,2,
https://www.instagram.com/p/BJK0fzrA3W4/,7,
https://www.instagram.com/p/BJIu11FDYPf/,18,F
https://www.instagram.com/p/BJIELoJgfAe/,4,
https://www.instagram.com/p/BJIEJuTgS85/,9,
https://www.instagram.com/p/BJH17YfA6l2/,1,
https://www.instagram.com/p/BJH1JH5gzgf/,7,
https://www.instagram.com/p/BJHxsQNg8sE/,21,
https://www.instagram.com/p/BJHOwlZBh2N/,23,F
https://www.instagram.com/p/BJHHoBZheU0/,16,
https://www.instagram.com/p/BJHD395DcIa/,30,M
https://www.instagram.com/p/BJHD395DcIa/,25,F
https://www.instagram.com/p/BJC_ZNJjLyq/,70,M
https://www.instagram.com/p/BJBBD3fAHc_/,5,
https://www.instagram.com/p/BJA8Ufihofr/,24,
https://www.instagram.com/p/BI9aMOVgafh/,60,M
https://www.instagram.com/p/BI6M0S2BjaH/,29,
https://www.instagram.com/p/BI6FUg1AfV0/,22,F
https://www.instagram.com/p/BI2XHrBBTWp/,30,F
https://www.instagram.com/p/BI1o_trDloK/,30,
https://www.instagram.com/p/BI1I0S3AhZz/,90,F
https://www.instagram.com/p/BI0RR-AAKO4/,4,
https://www.instagram.com/p/BI0EKGBBN4S/,22,F
https://www.instagram.com/p/BIyLhu-g70r/,26,F
https://www.instagram.com/p/BIw7il4Blt3/,21,F
https://www.instagram.com/p/BIwnjMBg34m/,1,
https://www.instagram.com/p/BIu0fIAAocZ/,5,
https://www.instagram.com/p/BIuSlbgglwY/,10,
https://www.instagram.com/p/BItdLD1DWGA/,1,
https://www.instagram.com/p/BIpMHULDQop/,5,
https://www.instagram.com/p/BImLlwOhbeH/,50,F
https://www.instagram.com/p/BIi_QHmBEmi/,23,F
https://www.instagram.com/p/BIiOvjWBH3b/,50,
https://www.instagram.com/p/BIh5RSJAdFv/,50,
https://www.instagram.com/p/BIhdcKuAA5M/,21,
https://www.instagram.com/p/BIha2seh9Xa/,3,
https://www.instagram.com/p/BIg1U_wgSYX/,2,F
https://www.instagram.com/p/BIgdRY2DYz5/,3,F
https://www.instagram.com/p/BIfusJYgjIf/,28,F
https://www.instagram.com/p/BIe1i26gm-k/,50,
https://www.instagram.com/p/BIdqAz5BlNq/,23,F
https://www.instagram.com/p/BIdrZUJjN9M/,27,M
https://www.instagram.com/p/BIavkBogp2b/,5,
https://www.instagram.com/p/BIapeCjgQvn/,1,
https://www.instagram.com/p/BIZUF0nDeHi/,3,
https://www.instagram.com/p/BIYLZA1hS6o/,30,F
https://www.instagram.com/p/BIX__0LgFTe/,3,
https://www.instagram.com/p/BIXwul_gyoE/,4,
https://www.instagram.com/p/BIWqR1LAtH0/,40,
https://www.instagram.com/p/BITmSOYDAI-/,34,F
https://www.instagram.com/p/BIU1WzWgp7d/,30,
https://www.instagram.com/p/BITXFMWgTPe/,32,F
https://www.instagram.com/p/BISLh6eAg-g/,17,
https://www.instagram.com/p/BIQwfpXDsrg/,30,F
https://www.instagram.com/p/BIPwLPhAvTk/,30,
https://www.instagram.com/p/BIN0OxQDImN/,1,
https://www.instagram.com/p/BIND2_oAjCp/,70,
https://www.instagram.com/p/BIMZ_nrAbQ1/,23,
https://www.instagram.com/p/BIL7GA0hU1A/,5,
https://www.instagram.com/p/BIL6EnYAsos/,4,
https://www.instagram.com/p/BILDVs4goBX/,22,F
https://www.instagram.com/p/BIKOxH1ghTz/,1,
https://www.instagram.com/p/BIJoDmchyFw/,1,
https://www.instagram.com/p/BIIpwV-gC8r/,20,
https://www.instagram.com/p/BIIJ22pjuX4/,32,F
https://www.instagram.com/p/BIExIhlAWB2/,40,M
https://www.instagram.com/p/BIFXdwBAKQH/,1,
https://www.instagram.com/p/BIDM0OkBXMg/,1,
https://www.instagram.com/p/BIDDeAcg_pa/,4,
https://www.instagram.com/p/BIDSpZ6AQd1/,21,F
https://www.instagram.com/p/BIDDcB6gTVc/,4,
https://www.instagram.com/p/BICxuoxghvu/,2,
https://www.instagram.com/p/BICREEsDL-s/,20,
https://www.instagram.com/p/BIBTIyIgNIf/,6,
https://www.instagram.com/p/BIANMkbARt_/,25,
https://www.instagram.com/p/BH91QPaB7ug/,2,
https://www.instagram.com/p/BH7BVptj4b9/,24,
https://www.instagram.com/p/BH4x0qYBaL8/,85,F
https://www.instagram.com/p/BH3E3EygWzB/,25,F
https://www.instagram.com/p/BHxmfwND0td/,30,F
https://www.instagram.com/p/BHxJi35g44c/,1,
https://www.instagram.com/p/BHugdfKDEMu/,20,F
https://www.instagram.com/p/BHuejC2jG8h/,50,F
https://www.instagram.com/p/BHubkXkAl-Q/,1,
https://www.instagram.com/p/BHtD07UDs7Z/,30,F
https://www.instagram.com/p/BHtCoyLhDSs/,22,
https://www.instagram.com/p/BHstCsfjsG4/,30,
https://www.instagram.com/p/BHrzAjeguW7/,50,
https://www.instagram.com/p/BHrMnbvjCW4/,26,F
https://www.instagram.com/p/BHonFmhjYU3/,3,
https://www.instagram.com/p/BHnsmYpDNCO/,16,
https://www.instagram.com/p/BHnBgXQARZp/,2,
https://www.instagram.com/p/BHjMimlBu6_/,15,
https://www.instagram.com/p/BHhTMVoAh6l/,1,M
https://www.instagram.com/p/BHg8yLqDOzb/,30,
https://www.instagram.com/p/BHgeTfljFcp/,29,M
https://www.instagram.com/p/BHfbSyCjV8y/,2,F
https://www.instagram.com/p/BHels5PjLJe/,18,
https://www.instagram.com/p/BHd12ooh4Ui/,21,F
https://www.instagram.com/p/BHcp_JugKJc/,18,
https://www.instagram.com/p/BHaWE0DDa-l/,30,
https://www.instagram.com/p/BHZoIopj57F/,45,F
https://www.instagram.com/p/BHYxfUXB3l1/,3,M
https://www.instagram.com/p/BHXfXIYjMzK/,30,M
https://www.instagram.com/p/BHVEiwwjzjo/,5,F
https://www.instagram.com/p/BHRt9bIgAZU/,18,
https://www.instagram.com/p/BHQuCC2BVs5/,21,F
https://www.instagram.com/p/BHPho_FBIGd/,19,
https://www.instagram.com/p/BHM08sdhxWe/,22,F
https://www.instagram.com/p/BHM0FsfA0B3/,21,
https://www.instagram.com/p/BHKj15pD_e5/,30,F
https://www.instagram.com/p/BHKFFpnAGPy/,3,M
https://www.instagram.com/p/BHJz9CXhmdH/,7,F
https://www.instagram.com/p/BHJlPlmBnaC/,59,
https://www.instagram.com/p/BHFioWlha5f/,20,F
https://www.instagram.com/p/BHC-SoujPkj/,25,
https://www.instagram.com/p/BHC8a5UDFbz/,21,
https://www.instagram.com/p/BHCBacjB6zh/,3,M
https://www.instagram.com/p/BHBriNqDXhm/,21,
https://www.instagram.com/p/BHAsKIcuMgf/,28,F
https://www.instagram.com/p/BHA4eTyut3h/,40,
https://www.instagram.com/p/BG_L23SrT3m/,2,
https://www.instagram.com/p/BG-2IvVFnDD/,4,
https://www.instagram.com/p/BG-g_HhuTbd/,30,M
https://www.instagram.com/p/BG87P_CPCLk/,3,
https://www.instagram.com/p/BG6moQuyM3Z/,30,M
https://www.instagram.com/p/BG58F2Rtrm0/,6,M
https://www.instagram.com/p/BG4c_HqG0E9/,2,
https://www.instagram.com/p/BG3qhLTwvVF/,25,
https://www.instagram.com/p/BG3p4kswvUN/,90,
https://www.instagram.com/p/BG0i_qwOEhm/,27,F
https://www.instagram.com/p/BGz-6Wvq-nJ/,21,
https://www.instagram.com/p/BGykUAhhG9e/,42,
https://www.instagram.com/p/BGwYQVdoydb/,25,
https://www.instagram.com/p/BGu4hNCL8lc/,22,
https://www.instagram.com/p/BGuUGJNrT1Y/,7,
https://www.instagram.com/p/BGuUR9MrT1x/,2,
https://www.instagram.com/p/BGoseM3IyaK/,25,F
https://www.instagram.com/p/BGm19mnNEZq/,1,
https://www.instagram.com/p/BGmeK-os2FA/,30,